{
  "_note1": "KEEP THIS FILE! Check it into a version control system (VCS) like git.",
  "_note2": "ObjectBox manages crucial IDs for your object model. See docs for details.",
  "_note3": "If you have VCS merge conflicts, you must resolve them according to ObjectBox docs.",
  "entities": [
    {
      "id": "1:1244559024486575827",
      "lastPropertyId": "4:52110750219143778",
      "name": "Person",
      "properties": [
        {
          "id": "1:142117682090572620",
          "name": "id",
          "type": 6,
          "flags": 1
        },
        {
          "id": "2:5771403951171666607",
          "name": "name",
          "type": 9
        },
        {
          "id": "3:14514807726285542",
          "name": "place",
          "type": 9
        },
        {
          "id": "4:52110750219143778",
          "name": "pinCode",
          "type": 6
        }
      ],
      "relations": []
    }
  ],
  "lastEntityId": "1:1244559024486575827",
  "lastIndexId": "0:0",
  "lastRelationId": "0:0",
  "lastSequenceId": "0:0",
  "modelVersion": 5,
  "modelVersionParserMinimum": 5,
  "retiredEntityUids": [],
  "retiredIndexUids": [],
  "retiredPropertyUids": [],
  "retiredRelationUids": [],
  "version": 1
}